{"majorversion": 2, "classmap": {"TagChannel": {"name": "TagChannel", "namespace": "", "private": "", "methods": {"setInstance": {"private": "", "description": "Return a tag instance. This is a shortcut method.", "guessedname": "setInstance", "guessedtype": "function"}, "getInstance": {"private": "", "description": "Get a tag instance. This is a shortcut method.", "guessedname": "getInstance", "guessedtype": "function"}, "get": {"private": "", "description": "Get a tag channel.", "guessedname": "get", "guessedtype": "function"}}, "module": "SoundJS", "file": "HTMLAudioPlugin.js", "shortname": "TagChannel", "param": "src The source of the channel.", "properties": {"channels": {"private": "", "description": "Contains each sound channel, indexed by src.", "guessedname": "channels", "guessedtype": "property"}}, "description": "The TagChannel is an object pool for HTML tag instances.\r\nIn Chrome, we have to pre-create the number of tag instances that we are going to play\r\nbefore we load the data, otherwise the audio stalls. (Note: This seems to be a bug in Chrome)"}, "SoundChannel": {"name": "SoundChannel", "namespace": "", "private": "", "methods": {"getSlot": {"guessedname": "getSlot", "params": [{"type": "String", "name": "interrupt", "description": " The interrupt value to use."}, {"type": "SoundInstance", "name": "instance", "description": " The sound instance the will go in the channel if successful."}], "description": "Get an available slot", "private": "", "guessedtype": "function"}, "create": {"description": "Create a sound channel.", "private": "", "static": "", "guessedname": "create", "guessedtype": "function", "params": [{"type": "String", "name": "src", "description": " The source for the channel"}, {"type": "Number", "name": "max", "description": " The maximum amount this channel holds."}]}, "get": {"description": "Get a channel instance by its src.\nmethod get", "private": "", "static": "", "param": "{Number} index The index to return.", "guessedname": "get", "guessedtype": "function", "params": [{"type": "String", "name": "src", "description": " The src to use to look up the channel"}]}, "add": {"description": "Add an instance to a sound channel.\nmethod add", "private": "", "static": "", "param": "{SoundInstance} instance The instance to add.", "guessedname": "add", "guessedtype": "function", "params": [{"type": "SoundInstance", "name": "instance", "description": " The instance to add to the channel"}, {"type": "String", "name": "interrupt", "description": " The interrupt value to use"}]}, "remove": {"description": "Remove an instace from its channel.\nmethod remove", "private": "", "static": "", "param": "{SoundInstance} instance The instance to remove", "guessedname": "remove", "guessedtype": "function", "params": [{"type": "SoundInstance", "name": "instance", "description": " The instance to remove from the channel"}]}, "init": {"guessedname": "init", "params": [{"type": "String", "name": "src", "description": " The source of the channel"}, {"type": "Number", "name": "max", "description": " The maximum number of instances in the channel"}], "description": "Initialize the channel", "private": "", "guessedtype": "function"}}, "module": "SoundJS", "file": "SoundJS.js", "shortname": "SoundChannel", "param": "src The source of the instances", "properties": {"channels": {"guessedname": "channels", "static": "", "description": "A hash of channel instances by src.", "private": "", "guessedtype": "property"}, "src": {"private": "", "description": "The src of the channel", "guessedname": "src", "guessedtype": "property"}, "length": {"private": "", "description": "The current number of active instances.", "guessedname": "length", "guessedtype": "property"}, "max": {"private": "", "description": "The maximum number of instances in this channel", "guessedname": "max", "guessedtype": "property"}}, "description": "SoundChannel manages the number of active instances"}, "SoundLoader": {"name": "SoundLoader", "namespace": "", "private": "", "methods": {"load": {"return": {"type": "Boolean", "description": "If the load was started. If Flash has not been initialized, the load will fail."}, "description": "Start loading.", "private": "", "params": [{"type": "String", "name": "src", "description": " The path to the sound."}], "guessedname": "load", "guessedtype": "function"}}, "module": "SoundJS", "file": "FlashPlugin.js", "shortname": "SoundLoader", "param": "{String} src The path to the sound", "events": {"onerror": {"private": "", "description": "The callback that fires if the load hits an error.", "guessedname": "onError", "guessedtype": "property"}, "onload": {"private": "", "description": "The callback that fires when the load completes. This follows HTML tag naming.", "guessedname": "onload", "guessedtype": "property"}, "onprogress": {"private": "", "description": "The callback that fires as the load progresses. This follows HTML tag naming.", "guessedname": "onprogress", "guessedtype": "property"}}, "description": "SoundLoader provides a mechanism to preload Flash content via PreloadJS.\nInstances are returned to the preloader, and the load method is called when\nthe asset needs to be requested.\nSoundLoader has the same APIs as an <audio> tag.\nThe instance calls the onloaded, onprogress, and onerror callbacks when necessary."}, "HTMLAudioPlugin": {"name": "HTMLAudioPlugin", "constructors": [{"description": "Play sounds using HTML <audio> tags in the browser."}], "namespace": "", "module": "SoundJS", "methods": {"isSupported": {"static": "", "return": {"type": "Boolean", "description": "If the plugin can be initialized."}, "description": "Determine if the plugin can be used.", "guessedname": "isSupported", "guessedtype": "function"}, "create": {"return": {"type": "SoundInstance", "description": "A sound instance for playback and control."}, "params": [{"type": "String", "name": "src", "description": " The source to use."}], "description": "Create a sound instance.", "guessedname": "create", "guessedtype": "function"}, "register": {"return": {"type": "Object", "description": "A result object, containing a tag for preloading purposes."}, "params": [{"type": "String", "name": "src", "description": " The source of the audio"}, {"type": "Number", "name": "instances", "description": " The number of concurrently playing instances to allow for the channel at any time."}], "description": "Pre-register a sound instance when preloading/setup.", "guessedname": "register", "guessedtype": "function"}, "generateCapabiities": {"static": "", "description": "Determine the capabilities of the plugin.", "guessedname": "generateCapabilities", "guessedtype": "function"}}, "file": "HTMLAudioPlugin.js", "shortname": "HTMLAudioPlugin", "properties": {"capabilities": {"description": "The capabilities of the plugin.", "default": "null", "static": "", "guessedname": "capabilities", "guessedtype": "property", "type": "Object"}, "MAX_INSTANCES": {"description": "The maximum number of instances that can be played. This is a browser limitation.", "default": "30", "static": "", "guessedname": "MAX_INSTANCES", "guessedtype": "property", "type": "Number"}}, "description": "Play sounds using HTML <audio> tags in the browser."}, "SoundInstance": {"name": "SoundInstance", "constructors": [{"params": [{"type": "String", "name": "src", "description": " The path to the sound"}], "description": "Sound Instances are created when any calls to SoundJS.play() are made.\r\nThe instances are returned by the active plugin for control by the user.\r\nUsers can control audio directly through the instance."}], "namespace": "", "module": "SoundJS", "events": {"onComplete": {"description": "The callback that is fired when a sound has completed playback", "guessedname": "onComplete", "guessedtype": "property"}, "onPlayInterrupted": {"description": "The callback that is fired when a sound has been interrupted.", "guessedname": "onPlayInterrupted", "guessedtype": "property"}, "onPlayFailed": {"description": "The callback that is fired when a sound has failed to start.", "guessedname": "onPlayFailed", "guessedtype": "property"}, "onLoop": {"description": "The callback that is fired when a sound has completed playback, but has loops remaining.", "guessedname": "onLoop", "guessedtype": "property"}, "onReady": {"description": "The callback that is fired when a sound is ready to play.", "guessedname": "onReady", "guessedtype": "property"}}, "methods": {"play": {"params": [{"type": "String", "name": "interrupt", "description": " How this sound interrupts other instances with the same source. Interrupt values are defined as constants on SoundJS."}, {"type": "Number", "name": "delay", "description": " The delay in milliseconds before the sound starts"}, {"type": "Number", "name": "offset", "description": " How far into the sound to begin playback."}, {"type": "Number", "name": "loop", "description": " The number of times to loop the audio. Use -1 for infinite loops."}, {"type": "Number", "name": "volume", "description": " The volume of the sound between 0 and 1."}, {"type": "Number", "name": "pan", "description": " The pan of the sound between -1 and 1. Note that pan does not work for HTML Audio."}], "description": "Play an instance. This API is only used to play an instance after it has been stopped\r\nor interrupted.`", "guessedname": "play", "guessedtype": "function"}, "getVolume": {"return": {"type": "", "description": "The volume of the sound."}, "params": [{"type": "", "name": "value", "description": ""}], "description": "Get the volume of the sound, not including how the master volume has affected it.", "guessedname": "getVolume", "guessedtype": "function"}, "resume": {"return": {"type": "Boolean", "description": "If the resume call succeeds."}, "description": "Resume a sound instance that has been paused.", "guessedname": "resume", "guessedtype": "function"}, "mute": {"return": {"type": "Boolean", "description": "If the mute call succeeds."}, "params": [{"type": "Boolean", "name": "isMuted", "description": " If the sound should be muted or not."}], "description": "Mute the sound.", "guessedname": "mute", "guessedtype": "function"}, "stop": {"return": {"type": "Boolean", "description": "If the stop call succeeds."}, "description": "Stop a sound instance.", "guessedname": "stop", "guessedtype": "function"}, "getDuration": {"return": {"type": "Number", "description": "The duration of the sound instance in milliseconds."}, "description": "Get the duration of the sound instance.", "guessedname": "getDuration", "guessedtype": "function"}, "pause": {"return": {"type": "Boolean", "description": "If the pause call succeeds."}, "description": "Pause the instance.", "guessedname": "pause", "guessedtype": "function"}, "getPan": {"return": {"type": "Number", "description": "The value of the pan between -1 (left) and 1 (right)."}, "description": "Get the pan of a sound instance. Note that this does not work in HTML audio.", "guessedname": "getPan", "guessedtype": "function"}, "setPosition": {"params": [{"type": "Number", "name": "value", "description": " The position of the playhead in milliseconds."}], "description": "Set the position of the playhead in the sound instance.", "guessedname": "setPosition", "guessedtype": "function"}, "setPan": {"return": {"type": "Number", "description": "If the setPan call succeeds."}, "params": [{"type": "Number", "name": "value", "description": " The pan value between -1 (left) and 1 (right)."}], "description": "Set the pan of a sound instance. Note that this does not work in HTML audio.", "guessedname": "setPan", "guessedtype": "function"}, "getPosition": {"return": {"type": "Number", "description": "The position of the playhead in milliseconds."}, "description": "Get the position of the playhead in the sound instance.", "guessedname": "getPosition", "guessedtype": "function"}, "setVolume": {"return": {"type": "Boolean", "description": "If the setVolume call succeeds."}, "params": [{"type": "", "name": "value", "description": ""}], "description": "Set the volume of the sound instance.", "guessedname": "setVolume", "guessedtype": "function"}}, "file": "HTMLAudioPlugin.js", "shortname": "SoundInstance", "properties": {"src": {"default": "null", "type": "String", "description": "The source of the sound.", "guessedname": "src", "guessedtype": "property"}, "playState": {"default": "null", "type": "String", "description": "The play state of the sound. Play states are defined as constants on SoundJS", "guessedname": "playState", "guessedtype": "property"}, "muted": {"default": "false", "type": "Boolean", "description": "Determines if the audio is currently muted.", "guessedname": "muted", "guessedtype": "property"}, "paused": {"default": "false", "type": "Boolean", "description": "Determines if the audio is currently paused. If the audio has not yet started playing,\r\nit will be true, unless the user pauses it.", "guessedname": "paused", "guessedtype": "property"}, "uniqueId": {"default": "-1", "type": "String | Number", "description": "The unique ID of the instance", "guessedname": "uniqueId", "guessedtype": "property"}, "owner": {"default": "null", "type": "HTMLAudioPlugin", "description": "The plugin that created the instance", "guessedname": "owner", "guessedtype": "property"}}, "description": "Sound Instances are created when any calls to SoundJS.play() are made.\r\nThe instances are returned by the active plugin for control by the user.\r\nUsers can control audio directly through the instance."}, "SoundJS": {"name": "SoundJS", "constructors": [{"description": "The public API for creating sounds, and controlling the overall sound levels,\nand affecting multiple sounds at once. All SoundJS APIs are static.\nSoundJS can also be used as a PreloadJS plugin to help preload audio properly."}], "namespace": "", "module": "SoundJS", "methods": {"isReady": {"static": "", "return": {"type": "Boolean", "description": "If SoundJS has initialized a plugin."}, "description": "Determines if SoundJS has been initialized, and a plugin has been activated.", "guessedname": "isReady", "guessedtype": "function"}, "initLoad": {"return": {"type": "Object", "description": "An object with the modified values that were passed in."}, "description": "Process manifest items from PreloadJS.", "private": "", "params": [{"type": "String | Object", "name": "value", "description": " The src or object to load"}, {"type": "String", "name": "type", "description": " The optional type of object. Will likely be \"sound\"."}, {"type": "String", "name": "id", "description": " An optional id"}, {"type": "Number | String | Boolean | Object", "name": "data", "description": " Optional data associated with the item"}], "guessedname": "initLoad", "guessedtype": "function"}, "setMasterVolume": {"return": {"type": "Boolean", "description": "If the master volume was set."}, "description": "To set the volume of all instances at once, use the setVolume() method.", "static": "", "guessedname": "setMasterVolume", "guessedtype": "function", "params": [{"type": "Number", "name": "value", "description": " The master volume to set."}]}, "getPreloadHandlers": {"return": {"type": "Object", "description": "The callback, file types, and file extensions to use for preloading."}, "description": "Get the preload rules to be used by PreloadJS. This function should not be called, except by PreloadJS.", "private": "", "static": "", "guessedname": "getPreloadHandlers", "guessedtype": "function"}, "playInstance": {"protected": "", "return": {"type": "Boolean", "description": "If the sound can start playing."}, "description": "Play an instance. This is called by the static API, as well as from plugins. This allows the\ncore class to control delays.", "guessedname": "playInstance", "guessedtype": "function"}, "getMasterVolume": {"static": "", "return": {"type": "Number", "description": "The master volume"}, "description": "Get the master volume. All sounds multiply their current volume against the master volume.", "guessedname": "getMasterVolume", "guessedtype": "function"}, "checkPlugin": {"returns": "If a plugin is initialized. If the browser does not have the capabilities to initialize\nan available plugin, this will be false.", "params": [{"type": "Boolean", "name": "initializeDefault", "description": " Determines if the default plugin should be initialized if there\nis not yet a plugin when this is checked."}], "description": "Determine if a plugin has been initialized. Optionally initialize the default plugin, which enables\nSoundJS to work without manually setting up the plugins.", "guessedname": "checkPlugin", "guessedtype": "function"}, "pause": {"return": {"type": "", "description": "If the audio was paused or not."}, "description": "Pause all instances.", "static": "", "guessedname": "pause", "guessedtype": "function", "params": [{"type": "", "name": "id", "description": " The specific sound ID (set) to target."}]}, "parsePath": {"return": {"type": "Object", "description": "A formatted object to load."}, "description": "Parse the path of a manifest item", "private": "", "params": [{"type": "String | Object", "name": "value", "description": ""}, {"type": "String", "name": "type", "description": ""}, {"type": "String", "name": "id", "description": ""}, {"type": "Number | String | Boolean | Object", "name": "data", "description": ""}], "guessedname": "parsePath", "guessedtype": "function"}, "beginPlaying": {"protected": "", "description": "Begin playback. This is called immediately, or after delay by SoundJS.beginPlaying", "guessedname": "beginPlaying", "guessedtype": "function"}, "setVolume": {"return": {"type": "Boolean", "description": "If the volume was set."}, "description": "Set the volume of all sounds. This sets the volume value of all audio, and\nis not a \"master volume\". Use setMasterVolume() instead.", "static": "", "guessedname": "setVolume", "guessedtype": "function", "params": [{"type": "Number", "name": "The", "description": " volume to set on all sounds. The acceptable range is 0-1."}, {"type": "String", "name": "id", "description": " Optional, the specific sound ID to target."}]}, "playFinished": {"guessedname": "playFinished", "params": [{"type": "SoundInstance", "name": "instance", "description": " The instance that finished playback."}], "description": "A sound has completed playback, been interrupted, failed, or been stopped.\nRemove instance management. It will be added again, if the sound re-plays.\nNote that this method is called from the instances.", "private": "", "guessedtype": "function"}, "getCapabilities": {"static": "", "return": {"type": "Object", "description": "An object containing the capabilities of the active plugin."}, "description": "Get the active plugin's capabilities, which help determine if a plugin can be\nused in the current environment, or if the plugin supports a specific feature.\nCapabilities include:\n<ul>\n<li><b>panning:</b> If the plugin can pan audio from left to right</li>\n<li><b>volume;</b> If the plugin can control audio volume.</li>\n<li><b>mp3:</b> If MP3 audio is supported.</li>\n<li><b>ogg:</b> If OGG audio is supported.</li>\n<li><b>wav:</b> If WAV audio is supported.</li>\n<li><b>mpeg:</b> If MPEG audio is supported.</li>\n<li><b>channels:</b> The maximum number of audio channels that can be created.</li>", "guessedname": "getCapabilities", "guessedtype": "function"}, "play": {"return": {"type": "SoundInstance", "description": "A SoundInstance that can be controlled after it is created."}, "description": "Play a sound, receive an instance to control. If the sound failed to play, the soundInstance\nwill still be returned, and have a playState of SoundJS.PLAY_FAILED. Note that even on sounds with\nfailed playback, you may still be able to call play(), since the failure could be due to lack of available\nchannels.", "static": "", "guessedname": "play", "guessedtype": "function", "params": [{"type": "String", "name": "value", "description": " The src or ID of the audio."}, {"type": "String", "name": "interrupt", "description": " How to interrupt other instances of audio. Values are defined as constants on SoundJS."}, {"type": "Number", "name": "delay", "description": " The amount of time to delay the start of the audio. Delay is in milliseconds."}, {"type": "Number", "name": "offset", "description": " The point to start the audio. Offset is in milliseconds."}, {"type": "Number", "name": "loop", "description": " Determines how many times the audio loops when it reaches the end of a sound. Default is 0 (no loops). Set to -1 for infinite."}, {"type": "Number", "name": "volume", "description": " The volume of the sound, between 0 and 1"}, {"type": "Number", "name": "pan", "description": " The left-right pan of the sound (if supported), between -1 (left) and 1 (right)"}]}, "getCapability": {"return": {"type": "String | Number | Boolean", "description": "The capability value."}, "description": "Get a specific capability of the active plugin. See the <b>getCapabilities</b> for a full list\nof capabilities.", "static": "", "guessedname": "getCapability", "guessedtype": "function", "params": [{"type": "String", "name": "key", "description": " The capability to retrieve"}]}, "resume": {"return": {"type": "", "description": "If the audio was resumed or not"}, "description": "Resume all instances. Note that the pause/resume methods do not work independantly\nof each instance's paused state. If one instance is already paused when the SoundJS.pause\nmethod is called, then it will resume when this method is called.", "static": "", "guessedname": "resume", "guessedtype": "function", "params": [{"type": "", "name": "id", "description": " The specific sound ID (set) to target."}]}, "tellAllInstances": {"guessedname": "tellAllInstances", "params": [{"type": "String", "name": "command", "description": " The command to call on each instance."}, {"type": "String", "name": "id", "description": " A specific sound ID to call. If omitted, the command will be applied\nto all sound instances."}, {"type": "Object", "name": "value", "description": " A value to pass on to each sound instance the command is applied to."}], "description": "Call a method on all instances. Passing an optional ID will filter the event\nto only sounds matching that id (or source).", "private": "", "guessedtype": "function"}, "stop": {"return": {"type": "", "description": "If the audio was stopped or not."}, "description": "Stop all audio (Global stop).", "static": "", "guessedname": "stop", "guessedtype": "function", "params": [{"type": "", "name": "id", "description": " The specific sound ID (set) to target."}]}, "getSrcFromId": {"return": {"type": "String", "description": "The source of the sound."}, "description": "Get the source of a sound via the ID passed in with the manifest. If no ID is found\nthe value is passed back.", "static": "", "guessedname": "getSrcFromId", "guessedtype": "function", "params": [{"type": "", "name": "value", "description": " The name or src of a sound."}]}, "registerPlugin": {"return": {"type": "Boolean", "description": "Whether the plugin was successfully initialized."}, "description": "Register a SoundJS plugin. Plugins handle the actual playing\nof audio. By default the HTMLAudio plugin will be installed if\nno other plugins are present when the user starts playback.", "static": "", "guessedname": "registerPlugin", "guessedtype": "function", "params": [{"type": "Object", "name": "plugin", "description": " The plugin class to install."}]}, "proxy": {"description": "A function proxy for SoundJS methods. By default, JavaScript methods do not maintain scope, so passing a\nmethod as a callback will result in the method getting called in the scope of the caller. Using a proxy\nensures that the method gets called in the correct scope. All internal callbacks in SoundJS use this approach.", "private": "", "static": "", "guessedname": "proxy", "guessedtype": "function", "params": [{"type": "Function", "name": "method", "description": " The function to call"}, {"type": "Object", "name": "scope", "description": " The scope to call the method name on"}]}, "setMute": {"return": {"type": "Boolean", "description": "If the mute was set."}, "description": "Mute/Unmute all audio. Note that muted audio still plays at 0 volume,\nand that individually muted audio will be affected by setting the global mute.", "static": "", "guessedname": "setMute", "guessedtype": "function", "params": [{"type": "Boolean", "name": "isMuted", "description": " Whether the audio should be muted or not."}, {"type": "String", "name": "id", "description": " The specific sound ID (set) to target."}]}, "getInstanceById": {"return": {"type": "SoundInstance", "description": "The sound instance with the specified ID."}, "description": "Get a SoundInstance by a unique id. It is often useful to store audio\ninstances by id (in form elements for example), so this method provides\na useful way to access the instances via their IDs.", "static": "", "guessedname": "getInstanceById", "guessedtype": "function", "params": [{"type": "", "name": "uniqueId", "description": " The id to use as lookup."}]}, "registerPlugins": {"return": {"type": "Boolean", "description": "Whether a plugin was successfully initialized."}, "description": "Register a list of plugins, in order of precedence.", "static": "", "guessedname": "registerPlugins", "guessedtype": "function", "params": [{"type": "Array", "name": "plugins", "description": " An array of plugins to install."}]}}, "file": "SoundJS.js", "shortname": "SoundJS", "properties": {"PLAY_SUCCEEDED": {"description": "Defines the playState of an instance that is currently playing or paused.", "default": "playSucceeded", "static": "", "guessedname": "PLAY_SUCCEEDED", "guessedtype": "property", "type": "String"}, "activePlugin": {"description": "The currently active plugin. If this is null, then no plugin could be initialized.\nIf no plugin was specified, only the HTMLAudioPlugin is tested.", "default": "null", "static": "", "guessedname": "activePlugin", "guessedtype": "property", "type": "Object"}, "PLAY_FINISHED": {"description": "Defines the playState of an instance that completed playback.", "default": "playFinished", "static": "", "guessedname": "PLAY_FINISHED", "guessedtype": "property", "type": "String"}, "INTERRUPT_EARLY": {"description": "The interrupt value to use to interrupt the earliest currently playing instance with the same source.", "default": "early", "static": "", "guessedname": "INTERRUPT_EARLY", "guessedtype": "property", "type": "String"}, "muted": {"default": "false", "type": "{Boolean}", "description": "SoundJS is currently muted. No audio will play, unless existing instances are unmuted. This property\nis read-only.", "guessedname": "muted", "guessedtype": "property"}, "AUDIO_TIMEOUT": {"description": "The duration in milliseconds to determine a timeout.", "default": "8000", "static": "", "guessedname": "AUDIO_TIMEOUT", "guessedtype": "property", "type": "Number"}, "PLAY_INTERRUPTED": {"description": "Defines the playState of an instance that was interrupted by another instance.", "default": "playInterrupted", "static": "", "guessedname": "PLAY_INTERRUPTED", "guessedtype": "property", "type": "String"}, "DELIMITER": {"description": "Determine how audio is split, when multiple paths are specified in a source.", "default": "|", "static": "", "guessedname": "DELIMITER", "guessedtype": "property", "type": "String"}, "PLAY_INITED": {"description": "Defines the playState of an instance that is still initializing.", "default": "playInited", "static": "", "guessedname": "PLAY_INITED", "guessedtype": "property", "type": "String"}, "INTERRUPT_LATE": {"description": "The interrupt value to use to interrupt the latest currently playing instance with the same source.", "default": "late", "static": "", "guessedname": "INTERRUPT_LATE", "guessedtype": "property", "type": "String"}, "INTERRUPT_ANY": {"description": "The interrupt value to use to interrupt any currently playing instance with the same source.", "default": "any", "static": "", "guessedname": "INTERRUPT_ANY", "guessedtype": "property", "type": "String"}, "INTERRUPT_NONE": {"description": "The interrupt value to use to interrupt no currently playing instances with the same source.", "default": "none", "static": "", "guessedname": "INTERRUPT_NONE", "guessedtype": "property", "type": "String"}, "PLAY_FAILED": {"description": "Defines the playState of an instance that failed to play. This is usually caused by a lack of available channels\nwhen the interrupt mode was \"INTERRUPT_NONE\", the playback stalled, or the sound could not be found.", "default": "playFailed", "static": "", "guessedname": "PLAY_FAILED", "guessedtype": "property", "type": "String"}}, "description": "The public API for creating sounds, and controlling the overall sound levels,\nand affecting multiple sounds at once. All SoundJS APIs are static.\nSoundJS can also be used as a PreloadJS plugin to help preload audio properly."}, "FlashPlugin": {"name": "FlashPlugin", "constructors": [{"description": "Play sounds using a Flash instance. This plugin requires swfObject.as\nas well as the FlashAudioPlugin.swf. Ensure that FlashPlugin.BASE_PATH\nis set when using this plugin, so that the script can find the swf."}], "namespace": "", "module": "SoundJS", "events": {"onComplete": {"private": "", "description": "The callback that is fired when a sound has completed playback", "guessedname": "onComplete", "guessedtype": "property"}, "onPlayInterrupted": {"private": "", "description": "The callback that is fired when a sound has been interrupted.", "guessedname": "onPlayInterrupted", "guessedtype": "property"}, "onPlayFailed": {"private": "", "description": "The callback that is fired when a sound has failed to start.", "guessedname": "onPlayFailed", "guessedtype": "property"}, "onLoop": {"private": "", "description": "The callback that is fired when a sound has completed playback, but has loops remaining.", "guessedname": "onLoop", "guessedtype": "property"}, "onReady": {"private": "", "description": "The callback that is fired when a sound is ready to play.", "guessedname": "onReady", "guessedtype": "property"}}, "methods": {"isSupported": {"static": "", "return": {"type": "Boolean", "description": "If the plugin can be initialized."}, "description": "Determine if the plugin can be used.", "guessedname": "isSupported", "guessedtype": "function"}, "play": {"private": "", "description": "Play an instance. This API is only used to play an instance after it has been stopped\nor interrupted.", "guessedname": "play", "guessedtype": "function"}, "pause": {"private": "", "description": "Pause the instance.", "guessedname": "pause", "guessedtype": "function"}, "resume": {"private": "", "description": "Resume a sound instance that has been paused.", "guessedname": "resume", "guessedtype": "function"}, "mute": {"private": "", "description": "Mute the sound.", "guessedname": "mute", "guessedtype": "function"}, "create": {"return": {"type": "SoundInstance", "description": "A sound instance for playback and control."}, "params": [{"type": "String", "name": "src", "description": " The source to use."}], "description": "Create a sound instance.", "guessedname": "create", "guessedtype": "function"}, "register": {"return": {"type": "Object", "description": "A result object, containing a tag for preloading purposes."}, "params": [{"type": "String", "name": "src", "description": " The source of the audio"}, {"type": "Number", "name": "instances", "description": " The number of concurrently playing instances to allow for the channel at any time."}], "description": "Pre-register a sound instance when preloading/setup.\nNote that the FlashPlugin will return a SoundLoader instance for preloading\nsince Flash can not access the browser cache consistently.", "guessedname": "register", "guessedtype": "function"}, "stop": {"private": "", "description": "Stop a sound instance.", "guessedname": "stop", "guessedtype": "function"}, "getDuration": {"private": "", "description": "Set the position of the playhead in the sound instance.", "guessedname": "getDuration", "guessedtype": "function"}, "getVolume": {"private": "", "description": "Get the volume of the sound, not including how the master volume has affected it.", "guessedname": "getVolume", "guessedtype": "function"}, "generateCapabiities": {"static": "", "description": "Determine the capabilities of the plugin.", "guessedname": "generateCapabilities", "guessedtype": "function"}, "getPan": {"private": "", "description": "Get the pan of a sound instance.", "guessedname": "getPan", "guessedtype": "function"}, "setPosition": {"private": "", "description": "Set the position of the playhead in the sound instance.", "guessedname": "setPosition", "guessedtype": "function"}, "setPan": {"private": "", "description": "Set the pan of a sound instance.", "guessedname": "setPan", "guessedtype": "function"}, "getPosition": {"private": "", "description": "Get the position of the playhead in the sound instance.", "guessedname": "getPosition", "guessedtype": "function"}, "setVolume": {"private": "", "description": "Set the volume of the sound instance.", "guessedname": "setVolume", "guessedtype": "function"}}, "file": "FlashPlugin.js", "shortname": "FlashPlugin", "properties": {"src": {"private": "", "description": "The source of the sound.", "guessedname": "src", "guessedtype": "property"}, "muted": {"private": "", "description": "Determines if the audio is currently muted.", "guessedname": "muted", "guessedtype": "property"}, "BASE_PATH": {"description": "The path relative to the HTML page that the FlashAudioPlugin.swf resides.\nIf this is not correct, this plugin will not work.", "default": "src/soundjs", "static": "", "guessedname": "BASE_PATH", "guessedtype": "property", "type": "String"}, "paused": {"private": "", "description": "Determines if the audio is currently paused. If the audio has not yet started playing,\nit will be true, unless the user pauses it.", "guessedname": "paused", "guessedtype": "property"}, "capabilities": {"description": "The capabilities of the plugin.", "default": "null", "static": "", "guessedname": "capabilities", "guessedtype": "property", "type": "Object"}, "uniqueId": {"private": "", "description": "The unique ID of the instance", "guessedname": "uniqueId", "guessedtype": "property"}, "showOutput": {"default": "false", "type": "Boolean", "description": "A developer flag to output all flash events to the console.", "guessedname": "showOutput", "guessedtype": "property"}}, "description": "Play sounds using a Flash instance. This plugin requires swfObject.as\nas well as the FlashAudioPlugin.swf. Ensure that FlashPlugin.BASE_PATH\nis set when using this plugin, so that the script can find the swf."}}, "version": "0.3.0", "modules": {"SoundJS": {"description": "The SoundJS library manages the playback of audio in HTML, via plugins which\nabstract the actual implementation, and allow multiple playback modes depending\non the environment.\nFor example, a developer could specify:\n[WebAudioPlugin, HTML5AudioPlugin, FlashAudioPlugin]\nIn the latest browsers with webaudio support, a WebAudio plugin would be used,\nother modern browsers could use HTML5 audio, and older browsers with no HTML5\naudio support would use the Flash Plugin.\nNote that there is not currently a supported WebAudio plugin.", "submodules": [], "classlist": ["FlashPlugin", "SoundLoader", "HTMLAudioPlugin", "SoundInstance", "TagChannel", "SoundJS", "SoundChannel"], "filelist": ["swfobject.js", "FlashPlugin.js", "HTMLAudioPlugin.js", "SoundJS.js"], "subdata": {}, "name": "SoundJS"}}, "filemap": {"swfobject.js": {"classlist": [], "name": "swfobject.js", "module": "SoundJS"}, "FlashPlugin.js": {"classlist": ["FlashPlugin", "SoundLoader"], "name": "FlashPlugin.js", "module": "SoundJS"}, "SoundJS.js": {"classlist": ["SoundJS", "SoundChannel"], "name": "SoundJS.js", "module": "SoundJS"}, "HTMLAudioPlugin.js": {"classlist": ["HTMLAudioPlugin", "SoundInstance", "TagChannel"], "name": "HTMLAudioPlugin.js", "module": "SoundJS"}}}