[{"url": "SoundJS.html#property_activePlugin", "access": "", "host": "SoundJS", "type": "property", "name": "activePlugin"}, {"url": "SoundJS.html#property_AUDIO_TIMEOUT", "access": "", "host": "SoundJS", "type": "property", "name": "AUDIO_TIMEOUT"}, {"url": "FlashPlugin.html#property_BASE_PATH", "access": "", "host": "FlashPlugin", "type": "property", "name": "BASE_PATH"}, {"url": "FlashPlugin.html#property_capabilities", "access": "", "host": "FlashPlugin", "type": "property", "name": "capabilities"}, {"url": "HTMLAudioPlugin.html#property_capabilities", "access": "", "host": "HTMLAudioPlugin", "type": "property", "name": "capabilities"}, {"url": "SoundJS.html#method_checkPlugin", "access": "", "host": "SoundJS", "type": "method", "name": "checkPlugin"}, {"url": "FlashPlugin.html#method_create", "access": "", "host": "FlashPlugin", "type": "method", "name": "create"}, {"url": "HTMLAudioPlugin.html#method_create", "access": "", "host": "HTMLAudioPlugin", "type": "method", "name": "create"}, {"url": "SoundJS.html#property_DELIMITER", "access": "", "host": "SoundJS", "type": "property", "name": "DELIMITER"}, {"url": "FlashPlugin.html#method_generateCapabiities", "access": "", "host": "FlashPlugin", "type": "method", "name": "generateCapabiities"}, {"url": "HTMLAudioPlugin.html#method_generateCapabiities", "access": "", "host": "HTMLAudioPlugin", "type": "method", "name": "generateCapabiities"}, {"url": "SoundJS.html#method_getCapabilities", "access": "", "host": "SoundJS", "type": "method", "name": "getCapabilities"}, {"url": "SoundJS.html#method_getCapability", "access": "", "host": "SoundJS", "type": "method", "name": "getCapability"}, {"url": "SoundInstance.html#method_getDuration", "access": "", "host": "SoundInstance", "type": "method", "name": "getDuration"}, {"url": "SoundJS.html#method_getInstanceById", "access": "", "host": "SoundJS", "type": "method", "name": "getInstanceById"}, {"url": "SoundJS.html#method_getMasterVolume", "access": "", "host": "SoundJS", "type": "method", "name": "getMasterVolume"}, {"url": "SoundInstance.html#method_getPan", "access": "", "host": "SoundInstance", "type": "method", "name": "getPan"}, {"url": "SoundInstance.html#method_getPosition", "access": "", "host": "SoundInstance", "type": "method", "name": "getPosition"}, {"url": "SoundJS.html#method_getSrcFromId", "access": "", "host": "SoundJS", "type": "method", "name": "getSrcFromId"}, {"url": "SoundInstance.html#method_getVolume", "access": "", "host": "SoundInstance", "type": "method", "name": "getVolume"}, {"url": "SoundJS.html#property_INTERRUPT_ANY", "access": "", "host": "SoundJS", "type": "property", "name": "INTERRUPT_ANY"}, {"url": "SoundJS.html#property_INTERRUPT_EARLY", "access": "", "host": "SoundJS", "type": "property", "name": "INTERRUPT_EARLY"}, {"url": "SoundJS.html#property_INTERRUPT_LATE", "access": "", "host": "SoundJS", "type": "property", "name": "INTERRUPT_LATE"}, {"url": "SoundJS.html#property_INTERRUPT_NONE", "access": "", "host": "SoundJS", "type": "property", "name": "INTERRUPT_NONE"}, {"url": "SoundJS.html#method_isReady", "access": "", "host": "SoundJS", "type": "method", "name": "isReady"}, {"url": "FlashPlugin.html#method_isSupported", "access": "", "host": "FlashPlugin", "type": "method", "name": "isSupported"}, {"url": "HTMLAudioPlugin.html#method_isSupported", "access": "", "host": "HTMLAudioPlugin", "type": "method", "name": "isSupported"}, {"url": "HTMLAudioPlugin.html#property_MAX_INSTANCES", "access": "", "host": "HTMLAudioPlugin", "type": "property", "name": "MAX_INSTANCES"}, {"url": "SoundInstance.html#method_mute", "access": "", "host": "SoundInstance", "type": "method", "name": "mute"}, {"url": "SoundInstance.html#property_muted", "access": "", "host": "SoundInstance", "type": "property", "name": "muted"}, {"url": "SoundInstance.html#event_onComplete", "access": "", "host": "SoundInstance", "type": "event", "name": "onComplete"}, {"url": "SoundInstance.html#event_onLoop", "access": "", "host": "SoundInstance", "type": "event", "name": "onLoop"}, {"url": "SoundInstance.html#event_onPlayFailed", "access": "", "host": "SoundInstance", "type": "event", "name": "onPlayFailed"}, {"url": "SoundInstance.html#event_onPlayInterrupted", "access": "", "host": "SoundInstance", "type": "event", "name": "onPlayInterrupted"}, {"url": "SoundInstance.html#event_onReady", "access": "", "host": "SoundInstance", "type": "event", "name": "onReady"}, {"url": "SoundInstance.html#property_owner", "access": "", "host": "SoundInstance", "type": "property", "name": "owner"}, {"url": "SoundInstance.html#method_pause", "access": "", "host": "SoundInstance", "type": "method", "name": "pause"}, {"url": "SoundJS.html#method_pause", "access": "", "host": "SoundJS", "type": "method", "name": "pause"}, {"url": "SoundInstance.html#property_paused", "access": "", "host": "SoundInstance", "type": "property", "name": "paused"}, {"url": "SoundInstance.html#method_play", "access": "", "host": "SoundInstance", "type": "method", "name": "play"}, {"url": "SoundJS.html#method_play", "access": "", "host": "SoundJS", "type": "method", "name": "play"}, {"url": "SoundJS.html#property_PLAY_FAILED", "access": "", "host": "SoundJS", "type": "property", "name": "PLAY_FAILED"}, {"url": "SoundJS.html#property_PLAY_FINISHED", "access": "", "host": "SoundJS", "type": "property", "name": "PLAY_FINISHED"}, {"url": "SoundJS.html#property_PLAY_INITED", "access": "", "host": "SoundJS", "type": "property", "name": "PLAY_INITED"}, {"url": "SoundJS.html#property_PLAY_INTERRUPTED", "access": "", "host": "SoundJS", "type": "property", "name": "PLAY_INTERRUPTED"}, {"url": "SoundInstance.html#property_playState", "access": "", "host": "SoundInstance", "type": "property", "name": "playState"}, {"url": "SoundJS.html#property_PLAY_SUCCEEDED", "access": "", "host": "SoundJS", "type": "property", "name": "PLAY_SUCCEEDED"}, {"url": "FlashPlugin.html#method_register", "access": "", "host": "FlashPlugin", "type": "method", "name": "register"}, {"url": "HTMLAudioPlugin.html#method_register", "access": "", "host": "HTMLAudioPlugin", "type": "method", "name": "register"}, {"url": "SoundJS.html#method_registerPlugin", "access": "", "host": "SoundJS", "type": "method", "name": "registerPlugin"}, {"url": "SoundJS.html#method_registerPlugins", "access": "", "host": "SoundJS", "type": "method", "name": "registerPlugins"}, {"url": "SoundInstance.html#method_resume", "access": "", "host": "SoundInstance", "type": "method", "name": "resume"}, {"url": "SoundJS.html#method_resume", "access": "", "host": "SoundJS", "type": "method", "name": "resume"}, {"url": "SoundJS.html#method_setMasterVolume", "access": "", "host": "SoundJS", "type": "method", "name": "setMasterVolume"}, {"url": "SoundJS.html#method_setMute", "access": "", "host": "SoundJS", "type": "method", "name": "setMute"}, {"url": "SoundInstance.html#method_setPan", "access": "", "host": "SoundInstance", "type": "method", "name": "setPan"}, {"url": "SoundInstance.html#method_setPosition", "access": "", "host": "SoundInstance", "type": "method", "name": "setPosition"}, {"url": "SoundInstance.html#method_setVolume", "access": "", "host": "SoundInstance", "type": "method", "name": "setVolume"}, {"url": "SoundJS.html#method_setVolume", "access": "", "host": "SoundJS", "type": "method", "name": "setVolume"}, {"url": "SoundInstance.html#property_src", "access": "", "host": "SoundInstance", "type": "property", "name": "src"}, {"url": "SoundInstance.html#method_stop", "access": "", "host": "SoundInstance", "type": "method", "name": "stop"}, {"url": "SoundJS.html#method_stop", "access": "", "host": "SoundJS", "type": "method", "name": "stop"}, {"url": "SoundInstance.html#property_uniqueId", "access": "", "host": "SoundInstance", "type": "property", "name": "uniqueId"}]