[{"url": "SoundJS.html#method_add", "access": "", "host": "SoundJS", "type": "method", "name": "add"}, {"url": "SoundJS.html#method_addBatch", "access": "", "host": "SoundJS", "type": "method", "name": "addBatch"}, {"url": "SoundJS.html#property_AUDIO_TIMEOUT", "access": "", "host": "SoundJS", "type": "property", "name": "AUDIO_TIMEOUT"}, {"url": "SoundJS.html#method_getCurrentLoadProgress", "access": "", "host": "SoundJS", "type": "method", "name": "getCurrentLoadProgress"}, {"url": "SoundJS.html#method_getInstance", "access": "", "host": "SoundJS", "type": "method", "name": "getInstance"}, {"url": "SoundJS.html#method_getMasterVolume", "access": "", "host": "SoundJS", "type": "method", "name": "getMasterVolume"}, {"url": "SoundJS.html#method_getMaxInstances", "access": "", "host": "SoundJS", "type": "method", "name": "getMaxInstances"}, {"url": "SoundJS.html#method_getNumInstances", "access": "", "host": "SoundJS", "type": "method", "name": "getNumInstances"}, {"url": "SoundJS.html#method_getVolume", "access": "", "host": "SoundJS", "type": "method", "name": "getVolume"}, {"url": "SoundJS.html#property_INTERRUPT_ANY", "access": "", "host": "SoundJS", "type": "property", "name": "INTERRUPT_ANY"}, {"url": "SoundJS.html#property_INTERRUPT_EARLY", "access": "", "host": "SoundJS", "type": "property", "name": "INTERRUPT_EARLY"}, {"url": "SoundJS.html#property_INTERRUPT_LATE", "access": "", "host": "SoundJS", "type": "property", "name": "INTERRUPT_LATE"}, {"url": "SoundJS.html#property_INTERRUPT_NONE", "access": "", "host": "SoundJS", "type": "property", "name": "INTERRUPT_NONE"}, {"url": "SoundJS.html#method_isLoaded", "access": "", "host": "SoundJS", "type": "method", "name": "isLoaded"}, {"url": "SoundJS.html#property_loadQueue", "access": "protected", "host": "SoundJS", "type": "property", "name": "loadQueue"}, {"url": "SoundJS.html#property_onLoadQueueComplete", "access": "", "host": "SoundJS", "type": "property", "name": "onLoadQueueComplete"}, {"url": "SoundJS.html#property_onProgress", "access": "", "host": "SoundJS", "type": "property", "name": "onProgress"}, {"url": "SoundJS.html#property_onSoundComplete", "access": "", "host": "SoundJS", "type": "property", "name": "onSoundComplete"}, {"url": "SoundJS.html#property_onSoundLoadComplete", "access": "", "host": "SoundJS", "type": "property", "name": "onSoundLoadComplete"}, {"url": "SoundJS.html#property_onSoundLoadError", "access": "", "host": "SoundJS", "type": "property", "name": "onSoundLoadError"}, {"url": "SoundJS.html#property_onSoundTimeout", "access": "", "host": "SoundJS", "type": "property", "name": "onSoundTimeout"}, {"url": "SoundJS.html#method_pause", "access": "", "host": "SoundJS", "type": "method", "name": "pause"}, {"url": "SoundJS.html#method_play", "access": "", "host": "SoundJS", "type": "method", "name": "play"}, {"url": "SoundJS.html#method_remove", "access": "", "host": "SoundJS", "type": "method", "name": "remove"}, {"url": "SoundJS.html#method_resume", "access": "", "host": "SoundJS", "type": "method", "name": "resume"}, {"url": "SoundJS.html#method_setMasterVolume", "access": "", "host": "SoundJS", "type": "method", "name": "setMasterVolume"}, {"url": "SoundJS.html#method_setMute", "access": "", "host": "SoundJS", "type": "method", "name": "setMute"}, {"url": "SoundJS.html#method_setVolume", "access": "", "host": "SoundJS", "type": "method", "name": "setVolume"}, {"url": "SoundJS.html#property_soundHash", "access": "protected", "host": "SoundJS", "type": "property", "name": "soundHash"}, {"url": "SoundJS.html#method_stop", "access": "", "host": "SoundJS", "type": "method", "name": "stop"}]