{"majorversion": 2, "classmap": {"SoundJS": {"name": "SoundJS", "namespace": "", "module": "SoundJS", "static": "", "file": "SoundJS.js", "shortname": "SoundJS", "properties": {"_currentLoad": {"private": "", "description": "Current Load progress.", "guessedname": "_currentLoad", "guessedtype": "property"}, "FT": {"private": "", "description": "Float error tolerance.", "guessedname": "FT", "guessedtype": "property"}, "onLoadQueueComplete": {"type": "Function", "static": "", "description": "The function to call when all sounds in the preload queue have finished loading.", "guessedname": "onLoadQueueComplete", "guessedtype": "property"}, "soundHash": {"protected": "", "type": "Array", "description": "An array containing all of the sound objects created by this manager.", "guessedname": "soundHash", "guessedtype": "property"}, "INST_MAX": {"guessedname": "INST_MAX", "static": "", "description": "The assumed maximum number of sounds, based on some of the browser limits we have encountered. Currently, this can not be determined via code or APIs.", "private": "", "guessedtype": "property"}, "AUDIO_ERROR": {"private": "", "description": "The name of the JavaScript event dispatched by an audio tag when an error occurs.", "guessedname": "AUDIO_ERROR", "guessedtype": "property"}, "onSoundTimeout": {"type": "Function", "static": "", "description": "The function to call when a loading sound times out. The timeout duration is determined by the AUDIO_TIMEOUT parameter.", "guessedname": "onSoundTimeout", "guessedtype": "property"}, "onSoundLoadComplete": {"type": "Function", "static": "", "description": "The function to call when a sound has finished loading.", "guessedname": "onSoundLoadComplete", "guessedtype": "property"}, "itemsToLoad": {"guessedname": "itemsToLoad", "type": "Number", "description": "The number of items left in loading queue.", "private": "", "guessedtype": "property"}, "INTERRUPT_LATE": {"description": "The interrupt mode to use when all instances are in use. Interrupt the sound that is at the latest position.", "default": "3", "static": "", "guessedname": "INTERRUPT_LATE", "guessedtype": "property", "type": "Number"}, "INTERRUPT_ANY": {"description": "The interrupt mode to use when all instances are in use. Interrupt the the first instance.", "default": "1", "static": "", "guessedname": "INTERRUPT_ANY", "guessedtype": "property", "type": "Number"}, "instanceCount": {"guessedname": "instanceCount", "type": "Number", "description": "The number of currently playing instances.", "private": "", "guessedtype": "property"}, "AUDIO_ENDED": {"private": "", "description": "The name of the JavaScript event dispatched by an audio tag when an a sound has finished playing.", "guessedname": "AUDIO_ENDED", "guessedtype": "property"}, "onProgress": {"type": "Function", "static": "", "description": "The function to call whenever progress changes.", "guessedname": "onProgress", "guessedtype": "property"}, "loadQueue": {"protected": "", "type": "Array", "description": "An array containing all of the sounds waiting to be loaded.", "guessedname": "loadQueue", "guessedtype": "property"}, "INTERRUPT_NONE": {"description": "The interrupt mode to use when all instances are in use. Do not interrupt any sounds.", "default": "4", "static": "", "guessedname": "INTERRUPT_NONE", "guessedtype": "property", "type": "Number"}, "onSoundLoadError": {"type": "Function", "static": "", "description": "The function to call when an error occurs loading a sound file.", "guessedname": "onSoundLoadError", "guessedtype": "property"}, "onSoundComplete": {"type": "Function", "static": "", "description": "The function to call when a sound finishes playing.", "guessedname": "onSoundComplete", "guessedtype": "property"}, "INTERRUPT_EARLY": {"description": "The interrupt mode to use when all instances are in use. Interrupt the sound that is at the earliest position.", "default": "2", "static": "", "guessedname": "INTERRUPT_EARLY", "guessedtype": "property", "type": "Number"}, "AUDIO_COMPLETE": {"private": "", "description": "The name of the JavaScript event dispatched by an audio tag when an a sound has finished loading.", "guessedname": "AUDIO_COMPLETE", "guessedtype": "property"}, "AUDIO_TIMEOUT": {"description": "The duration in milliseconds to wait before declaring a timeout when loading a sound.", "default": "8000", "static": "", "guessedname": "AUDIO_TIMEOUT", "guessedtype": "property", "type": "Number"}, "AUDIO_PROGRESS": {"private": "", "description": "The name of the JavaScript event dispatched by an audio tag when loading progress changes.", "guessedname": "AUDIO_PROGRESS", "guessedtype": "property"}, "AUDIO_STALLED": {"private": "", "description": "The name of the JavaScript event dispatched by an audio tag when an a sound has stalled", "guessedname": "AUDIO_STALLED", "guessedtype": "property"}, "_master": {"private": "", "description": "Master volume value.", "guessedname": "_master", "guessedtype": "property"}}, "methods": {"getVolume": {"return": {"type": "Number", "description": "the volume of the specified instance or -1 if the instance does not exist."}, "description": "Get the volume of a sound instance. If no instance is provided the volume of the first instance will be returned.", "static": "", "guessedname": "getVolume", "guessedtype": "function", "params": [{"type": "String", "name": "name", "description": " = null: (optional) If null the function adjusts all sounds."}, {"type": "Number", "name": "instance", "description": " = null: (optional) If null the function gets the first instance."}]}, "setMasterVolume": {"static": "", "params": [{"type": "Number", "name": "value", "description": " = null: (optional) New master volume."}], "description": "Change the master volume level", "guessedname": "setMasterVolume", "guessedtype": "function"}, "handleAudioError": {"private": "", "description": "Checks if callback exists and calls it with the name of sound having problems.\r\nDo not call directly as this is an event listener.", "guessedname": "handleAudioError", "guessedtype": "function"}, "isLoaded": {"return": {"type": "Boolean", "description": "Indicating if the specified sound is valid & loaded"}, "description": "Check to see if specified sound is loaded/valid.\r\nIf the value of the name is null, check all sounds are loaded.", "static": "", "guessedname": "isLoaded", "guessedtype": "function", "params": [{"type": "String", "name": "name", "description": " = null: (optional) The sound to check."}]}, "getMasterVolume": {"static": "", "description": "Get the current master volume level", "guessedname": "getMasterVolume", "guessedtype": "function"}, "pause": {"return": {"type": "Boolean", "description": "Success of operation."}, "description": "Pause specified instance(s) of this sound.", "static": "", "guessedname": "pause", "guessedtype": "function", "params": [{"type": "String", "name": "name", "description": " = null: (optional) If null the function adjusts all sounds."}, {"type": "Number", "name": "instance", "description": " = null: (optional) If null the function adjusts all instances."}]}, "getInstance": {"return": {"type": "Sound object", "description": "The Sound Element specified by name and instance or null."}, "description": "Get a reference to the DOM sound object by name and instance.", "static": "", "guessedname": "getInstance", "guessedtype": "function", "params": [{"type": "String", "name": "name", "description": " : The sound name to find the instance in."}, {"type": "String", "name": "instance", "description": " : The specific instance to grab."}]}, "getMaxInstances": {"static": "", "return": {"type": "Number", "description": "Assumption of maximum instances the browser can run,\r\nthe actual number varies from browser to browser and machine to machine, and\r\nis largely based on the sound card."}, "description": "Get the maximum number of instances the browser can run.", "guessedname": "getMaxInstances", "guessedtype": "function"}, "getNumInstances": {"return": {"type": "Number", "description": "The number of instances currently instantiated or -1 if an invalid name is passed in."}, "description": "List the number of instances used by a specific sound. \r\nIf the value of the name is null, check the entire system", "static": "", "guessedname": "getNumInstances", "guessedtype": "function", "params": [{"type": "String", "name": "name", "description": " = null: (optional) Name of the sound to lookup."}]}, "add": {"params": [{"type": "String", "name": "name", "description": " : The reference to this sound effect"}, {"type": "String", "name": "src", "description": " : The filepath to load from"}, {"type": "Number", "name": "instances", "description": " : The number of simultaneous versions of this sound you wish to play (max sounds limited by Browser and Computer)."}], "description": "Manage, load, and perform DOM injection of a sound. If the load queue is empty, it will trigger an immediate load,\r\notherwise it will be added to the end of the loading queue and loaded in sequence. If instances of a sound by that \r\nname already exist, the number of instances is increased and the element 'src' is ignored.", "guessedname": "add", "guessedtype": "function"}, "getCurrentLoadProgress": {"static": "", "return": {"type": "Number", "description": "A number 0-1 indicating percentage loaded of the current loading queue."}, "description": "Get the current load progress for the sound queue.", "guessedname": "getCurrentLoadProgress", "guessedtype": "function"}, "beginPlaying": {"private": "", "description": "Internal function to actual begin playing a sound.\r\nUse .play() instead for type checking and default paramters, calling this directly may crash.", "guessedname": "beginPlaying", "guessedtype": "function"}, "handleAudioComplete": {"private": "", "description": "Checks if callback exists and calls it with the name of sound finished.\r\nDo not call directly as this is an event listener.", "guessedname": "handleAudioComplete", "guessedtype": "function"}, "setVolume": {"return": {"type": "Boolean", "description": "Success of operation."}, "description": "Adjust the volume of specified instance(s) of this sound.", "static": "", "guessedname": "setVolume", "guessedtype": "function", "params": [{"type": "String", "name": "value", "description": " : The volume to set the target to."}, {"type": "String", "name": "name", "description": " = null: (optional) If null the function adjusts all sounds."}, {"type": "Number", "name": "instance", "description": " = null: (optional) If null the function adjusts all instances."}]}, "play": {"return": {"type": "Number", "description": "The index of the sound played, NaN, or -1."}, "description": "Play the a sound file with the defined properties.\r\nThe function returns one of three things; \r\n1) The instance number played if sound was played successfully\r\n2) 'NaN' if an erroneous parameter is passed, or the interrupt method forbids playing the sound\r\n3) -1 on a delayed call, as the instance being played cannot be determined till the delay is over\r\nIf the instance is needed on a delayed call, the best practice is to delay the call like so:\r\ne.g. setTimeout(function(){ myVar = SoundJS.play(\"sound\")}, 3000);\r\nNote: this closure is needed for full functionality cross browsers.", "static": "", "guessedname": "play", "guessedtype": "function", "params": [{"type": "String", "name": "name", "description": " : Specifies the url to the sound file to play (as defined in the add functions)."}, {"type": "Number", "name": "interrupt", "description": " = SoundJS.INTERRUPT_NONE: (optional) Defines the interrupt behavior if all instances are currently used."}, {"type": "Number", "name": "volume", "description": " = 1: (optional) Specifies to volume at which to play that sound instance."}, {"type": "Boolean", "name": "loop", "description": " = false: (optional) Sets the loop parameter on the sound instance."}, {"type": "Number", "name": "delay", "description": " = 0: (optional) Specifies how long to wait before looking for a sound instance to play the sound."}]}, "handleAudioTimeout": {"private": "", "description": "Checks if callback exists and calls it with the name of sound having problems.\r\nDo not call directly as this is an event listener.", "guessedname": "handleAudioTimeout", "guessedtype": "function"}, "handleAudioStall": {"private": "", "description": "Recognizes a stall; however, delays it in case of event duplication with a load&stall firing\r\nDo not call directly as this is an event listener.", "guessedname": "handleAudioStall", "guessedtype": "function"}, "resume": {"return": {"type": "Boolean", "description": "Success of operation."}, "description": "Resume specified instance(s) of this sound.", "static": "", "guessedname": "resume", "guessedtype": "function", "params": [{"type": "String", "name": "name", "description": " = null: (optional) If null the function adjusts all sounds."}, {"type": "String", "name": "instance", "description": " = null: (optional) If null the function adjusts all instances."}]}, "getType": {"private": "", "description": "Determine the type of a file.", "guessedname": "getType", "guessedtype": "function"}, "stop": {"return": {"type": "Boolean", "description": "Success of operation."}, "description": "Stop specified instance(s) of this sound.", "static": "", "guessedname": "stop", "guessedtype": "function", "params": [{"type": "String", "name": "name", "description": " = null: (optional) If null the function adjusts all sounds."}, {"type": "String", "name": "instance", "description": " = null: (optional) If null the function adjusts all instances."}]}, "addBatch": {"static": "", "params": [{"type": "Array", "name": "params", "description": " : Array of 'name:, src:, instances:' objects."}], "description": "Manage, load, and perform DOM injections of a sound, or set of sounds.\r\nThis method is identical to the SoundJS.add() method, except:\r\n1) An array of objects representing the parameters for each add call is required.\r\n[{name:'soundName', src:'sound.mp3', instances:1}, {name:'soundName', src:'sound.ogg', instances:4}]\r\n2) It waits until all items are added to the queue before beginning the load operation, which can \r\neven out erroneous finished loading calls in high speed environments such as local environments \r\nor with cached sounds.", "guessedname": "addBatch", "guessedtype": "function"}, "loadNext": {"private": "", "description": "Advances the loading queue. Do not call manually, as it assumes the previous item has loaded succesfully\r\nand may corrupt the loading procedure. Call .add() or .addBatch() instead.", "guessedname": "loadNext", "guessedtype": "function"}, "setMute": {"return": {"type": "Boolean", "description": "Success of operation."}, "description": "Specify the mute value of specified instance(s) of this sound.", "static": "", "guessedname": "setMute", "guessedtype": "function", "params": [{"type": "String", "name": "isMuted", "description": " : Whether or not the target is muted."}, {"type": "String", "name": "name", "description": " = null: (optional) Note: The function adjusts all sounds if the value is null."}, {"type": "Array", "name": "instance", "description": " = null: (optional) Note: The function adjusts all instances if the value is null."}]}, "handleEnded": {"private": "", "description": "The audio has finished playing. This happens only on non-looping audio.", "guessedname": "handleEnded", "guessedtype": "function"}, "remove": {"return": {"type": "Boolean", "description": "Success of operation."}, "description": "Remove the specified number of sound instances from the DOM. WARNING: remove ignores interrupt \r\nmodes and current actions, and will remove the last instances regardless of their status.", "static": "", "guessedname": "remove", "guessedtype": "function", "params": [{"type": "String", "name": "name", "description": " = null: (optional) Note that the function removes all sounds if it is null."}, {"type": "Number", "name": "count", "description": " = null: (optional) Note that the function removes all instances if it is null."}]}, "testAudioStall": {"private": "", "description": "Checks if callback exists and calls it with the name of sound stalling.\r\nDo not call directly as this is an event listener.", "guessedname": "testAudioStall", "guessedtype": "function"}, "handleProgress": {"private": "", "description": "Checks if callback exists and calls it with updated progress.\r\nDo not call directly as this is an event listener.", "guessedname": "handleProgress", "guessedtype": "function"}}}}, "version": "0.1", "modules": {"SoundJS": {"description": "SoundJS is a utility for managing HTML5 audio elements.\r\nThe SoundJS class uses a static API and can't be instantiated directly.", "submodules": [], "classlist": ["SoundJS"], "filelist": ["SoundJS.js"], "subdata": {}, "name": "SoundJS"}}, "filemap": {"SoundJS.js": {"classlist": ["SoundJS"], "name": "SoundJS.js", "module": "SoundJS"}}}